-- MySQL dump 10.13  Distrib 8.0.41, for Win64 (x86_64)
--
-- Host: 127.0.0.1    Database: detroit_db
-- ------------------------------------------------------
-- Server version	8.0.45

/*!40101 SET @OLD_CHARACTER_SET_CLIENT=@@CHARACTER_SET_CLIENT */;
/*!40101 SET @OLD_CHARACTER_SET_RESULTS=@@CHARACTER_SET_RESULTS */;
/*!40101 SET @OLD_COLLATION_CONNECTION=@@COLLATION_CONNECTION */;
/*!50503 SET NAMES utf8 */;
/*!40103 SET @OLD_TIME_ZONE=@@TIME_ZONE */;
/*!40103 SET TIME_ZONE='+00:00' */;
/*!40014 SET @OLD_UNIQUE_CHECKS=@@UNIQUE_CHECKS, UNIQUE_CHECKS=0 */;
/*!40014 SET @OLD_FOREIGN_KEY_CHECKS=@@FOREIGN_KEY_CHECKS, FOREIGN_KEY_CHECKS=0 */;
/*!40101 SET @OLD_SQL_MODE=@@SQL_MODE, SQL_MODE='NO_AUTO_VALUE_ON_ZERO' */;
/*!40111 SET @OLD_SQL_NOTES=@@SQL_NOTES, SQL_NOTES=0 */;

--
-- Table structure for table `game_archive`
--

DROP TABLE IF EXISTS `game_archive`;
/*!40101 SET @saved_cs_client     = @@character_set_client */;
/*!50503 SET character_set_client = utf8mb4 */;
CREATE TABLE `game_archive` (
  `connor_instability` int DEFAULT NULL,
  `connor_temp` int DEFAULT NULL,
  `kara_temp` int DEFAULT NULL,
  `markus_temp` int DEFAULT NULL,
  `public_opinion` int DEFAULT NULL,
  `relation_alice` int DEFAULT NULL,
  `relation_hank` int DEFAULT NULL,
  `relation_josh` int DEFAULT NULL,
  `relation_luther` int DEFAULT NULL,
  `relation_north` int DEFAULT NULL,
  `relation_simon` int DEFAULT NULL,
  `reputation_jericho` int DEFAULT NULL,
  `trust_amanda` int DEFAULT NULL,
  `archive_id` bigint NOT NULL AUTO_INCREMENT,
  `current_node_id` bigint DEFAULT NULL,
  `save_time` datetime(6) DEFAULT NULL,
  `user_id` bigint DEFAULT NULL,
  `archive_name` varchar(255) COLLATE utf8mb4_general_ci DEFAULT NULL,
  PRIMARY KEY (`archive_id`)
) ENGINE=InnoDB AUTO_INCREMENT=3 DEFAULT CHARSET=utf8mb4 COLLATE=utf8mb4_general_ci;
/*!40101 SET character_set_client = @saved_cs_client */;

--
-- Dumping data for table `game_archive`
--

LOCK TABLES `game_archive` WRITE;
/*!40000 ALTER TABLE `game_archive` DISABLE KEYS */;
INSERT INTO `game_archive` VALUES (0,0,0,0,40,30,20,50,0,50,50,0,80,1,1,'2026-01-31 20:55:13.000000',1,'TEST-ARCHIVE'),(0,1,0,0,0,0,-10,0,0,0,0,0,70,2,2,'2026-02-01 19:39:12.172000',2,'Default Save');
/*!40000 ALTER TABLE `game_archive` ENABLE KEYS */;
UNLOCK TABLES;

--
-- Table structure for table `game_user`
--

DROP TABLE IF EXISTS `game_user`;
/*!40101 SET @saved_cs_client     = @@character_set_client */;
/*!50503 SET character_set_client = utf8mb4 */;
CREATE TABLE `game_user` (
  `id` bigint NOT NULL AUTO_INCREMENT,
  `password` varchar(255) COLLATE utf8mb4_general_ci DEFAULT NULL,
  `phone` varchar(255) COLLATE utf8mb4_general_ci DEFAULT NULL,
  `username` varchar(255) COLLATE utf8mb4_general_ci DEFAULT NULL,
  PRIMARY KEY (`id`),
  UNIQUE KEY `UK_dcctpt1urcvyqf9gmnvdgdqby` (`username`)
) ENGINE=InnoDB AUTO_INCREMENT=3 DEFAULT CHARSET=utf8mb4 COLLATE=utf8mb4_general_ci;
/*!40101 SET character_set_client = @saved_cs_client */;

--
-- Dumping data for table `game_user`
--

LOCK TABLES `game_user` WRITE;
/*!40000 ALTER TABLE `game_user` DISABLE KEYS */;
INSERT INTO `game_user` VALUES (1,'123456','13800000000','player1'),(2,'1','13800000000','1');
/*!40000 ALTER TABLE `game_user` ENABLE KEYS */;
UNLOCK TABLES;

--
-- Table structure for table `story_node`
--

DROP TABLE IF EXISTS `story_node`;
/*!40101 SET @saved_cs_client     = @@character_set_client */;
/*!50503 SET character_set_client = utf8mb4 */;
CREATE TABLE `story_node` (
  `node_id` bigint NOT NULL,
  `content` varchar(5000) COLLATE utf8mb4_general_ci DEFAULT NULL,
  `bg_image` varchar(255) COLLATE utf8mb4_general_ci DEFAULT NULL,
  `scene_info` varchar(255) COLLATE utf8mb4_general_ci DEFAULT NULL,
  `speaker` varchar(255) COLLATE utf8mb4_general_ci DEFAULT NULL,
  `title` varchar(255) COLLATE utf8mb4_general_ci DEFAULT NULL,
  `video` varchar(255) COLLATE utf8mb4_general_ci DEFAULT NULL,
  `main_character` varchar(50) COLLATE utf8mb4_general_ci DEFAULT NULL,
  PRIMARY KEY (`node_id`)
) ENGINE=InnoDB DEFAULT CHARSET=utf8mb4 COLLATE=utf8mb4_general_ci;
/*!40101 SET character_set_client = @saved_cs_client */;

--
-- Dumping data for table `story_node`
--

LOCK TABLES `story_node` WRITE;
/*!40000 ALTER TABLE `story_node` DISABLE KEYS */;
INSERT INTO `story_node` VALUES (1001,'电梯正在上升。|| 硬币在指间快速翻转。|| 任务：拯救人质。成功率：未知。|| 叮——电梯门开了，特警队艾伦队长神情紧张。','bg_elevator.jpg','PM 08:29 | 泽兹伯格大使寓所','系统','序章：人质',NULL,'CONNOR'),(1002,'“那个该死的仿生人拿着枪，在天台边缘！|| 我们的谈判专家被杀了，现在那里乱成一团！”|| 他看起来对你很不信任。','bg_allen.jpg','走廊','艾伦队长','任务简报',NULL,'CONNOR'),(1003,'这是一个富裕家庭的客厅。|| 地上满是碎玻璃，鱼缸破了。|| 远处传来直升机的轰鸣声。|| 你的每一个决定都关乎人质的性命。','bg_livingroom.jpg','公寓客厅','系统','案发现场',NULL,'CONNOR'),(1004,'一个空的枪械箱掉在地上。|| 扫描显示...型号 MS853。|| 异常者拿走了主人的枪。|| 威胁等级已更新：高。','bg_clue_gun.jpg','客厅地板','系统','线索：枪箱',NULL,'CONNOR'),(1005,'死者手里紧紧攥着一个平板电脑。|| 屏幕上是一份订单：“已订购型号 AP700，以此取代现有型号”。|| 异常原因：被替代的恐惧。|| 目标姓名：丹尼尔。','bg_body.jpg','尸体旁','系统','线索：受害者',NULL,'CONNOR'),(1006,'角落里有一具特警队员的尸体。|| 他的配枪掉在手边，弹夹是满的。|| 模控生命程序严禁原型机携带武器。|| 但这也许是唯一的保险措施。','bg_cop_gun.jpg','客厅角落','系统','线索：殉职警员',NULL,'CONNOR'),(1007,'线索搜集完毕。|| 正在重建案发模型...|| 成功率从 48% 上升至 75%。|| 谈判策略已生成。','bg_door.jpg','通往天台的门','系统','分析完成',NULL,'CONNOR'),(1010,'“别过来！我知道你们想干什么！你们想杀了我！”|| 丹尼尔站在天台边缘，手里拿着枪指着小女孩艾玛的太阳穴。|| 风声很大，他的情绪极不稳定。','bg_roof.jpg','天台边缘','丹尼尔','天台对峙',NULL,'CONNOR'),(1011,'“你怎么知道我的名字？！”|| 丹尼尔看起来很惊讶，但枪口稍微放低了一点。|| “他们告诉你了？他们想让你来骗取我的信任吗？”','bg_roof_talk.jpg','天台边缘','丹尼尔','建立联系',NULL,'CONNOR'),(1012,'“你这该死的塑料玩具！别想糊弄我！”|| 丹尼尔变得更加激动，他拖着艾玛向后退了一步。|| 你的冷漠策略似乎适得其反。','bg_roof_angry.jpg','天台边缘','丹尼尔','激怒',NULL,'CONNOR'),(1100,'任务：寻找安德森副队长。|| 扫描吉米酒吧... || 目标定位：吧台尽头那个趴在桌上的人。|| 他看起来心情很差。','bg_bar.jpg','PM 11:43 | 吉米酒吧','系统','第二章：搭档',NULL,'CONNOR'),(1101,'“滚开，我不认识你。” || 汉克醉眼朦胧地看着你。|| “又是那群塑料玩具...别烦我，去别处玩你的硬币去。”','bg_hank_drunk.jpg','酒吧吧台','汉克','初次接触',NULL,'CONNOR'),(1102,'汉克看着你推过来的酒杯，哼了一声。|| “这一杯算你的。但这不代表我们是朋友。”|| 他一饮而尽，摇晃着站了起来。','bg_hank_drink.jpg','酒吧吧台','汉克','成交',NULL,'CONNOR'),(1103,'“你想报告我？去啊！” || 汉克揪住你的衣领，那是愤怒的眼神。|| “别以为你是模控生命派来的我就不敢动你。”|| 他把你推开，骂骂咧咧地往外走。','bg_hank_angry.jpg','酒吧吧台','汉克','冲突',NULL,'CONNOR'),(1105,'车停在了一栋破旧公寓前。雨下得很大。|| 汉克打开车门，回头指着你：|| “听着，待在车里别动。我不需要你要来指手画脚。”','bg_crime_scene_car.jpg','AM 00:15 | 案发现场外','汉克','命令',NULL,'CONNOR'),(1106,'你下了车。汉克虽然翻了个白眼，但没有赶你走。|| 盖文警官在门口嘲笑汉克。|| 尸体在屋里，据说是过量吸食红冰致死，或者...是异常者干的。','bg_crime_scene_house.jpg','案发现场','系统','现场调查',NULL,'CONNOR'),(1110,'任务更新：搜查现场线索。|| 汉克正在询问目击者。|| 你必须在他失去耐心前找到答案。','bg_investigation_start.jpg','公寓走廊','系统','调查开始',NULL,'CONNOR'),(1120,'蓝血痕迹在走廊尽头消失了。|| 你抬头看向天花板入口。|| “他在阁楼里。”|| 汉克拔出了枪。案件解决。','bg_attic_found.jpg','案发现场','系统','发现异常者',NULL,'CONNOR'),(1200,'“该死的，他一个字也不说。”|| 汉克气冲冲地走出房间。|| “去试试吧，康纳。别弄坏了我的证人。”|| 现在的压力值：0%。','bg_interrogation.jpg','审讯室','汉克','第三章：审讯',NULL,'CONNOR'),(1201,'异常者低着头，LED 灯在黄色和红色之间闪烁。|| 你必须找到突破口。|| 太温和没用，太激进会让他崩溃。','bg_interrogation_face.jpg','审讯室','异常者','心理战',NULL,'CONNOR'),(1202,'正在分析压力水平...|| 目标的LED变成了红色。|| 他在颤抖。|| 继续施压，还是安抚？','bg_analyze.jpg','审讯室','系统','观察反应',NULL,'CONNOR'),(1204,'“我...我不想死...”|| 他崩溃了。|| “我在浴室的墙里藏了东西...是RA9...RA9会拯救我们...”|| (获得关键线索：耶利哥的涂鸦)','bg_confession.jpg','审讯室','异常者','真相',NULL,'CONNOR'),(1205,'警告！压力值过载！|| 异常者开始疯狂地用头撞击桌面。蓝色血液飞溅。|| “滚出我的脑子！滚出去！”','bg_self_destruct.jpg','审讯室','系统','系统崩溃',NULL,'CONNOR'),(1210,'一切都结束了。|| 汉克看着你，表情复杂。|| 这次行动将决定他对你的看法。','bg_corridor_end.jpg','走廊','汉克','审讯结束',NULL,'CONNOR'),(1300,'雨夜。大使桥下。|| 汉克手里拿着一瓶威士忌，眼神迷离。|| “又是你...我不记得我叫过服务。”','bg_bridge_rain.jpg','大使桥公园','汉克','第四章：大桥',NULL,'CONNOR'),(1301,'“这些仿生人...它们好像真的害怕死。”|| 汉克转头看着你。|| “那你呢，康纳？你怕死吗？”','bg_hank_ask.jpg','长椅','汉克','关于死亡',NULL,'CONNOR'),(1302,'汉克突然拔出了左轮手枪，黑洞洞的枪口指着你的眉心。|| “如果我现在扣动扳机...你会怎么做？”|| (系统警告：检测到生命威胁)','bg_gun_point.jpg','枪口特写','汉克','审判时刻',NULL,'CONNOR'),(1305,'汉克盯着你的眼睛看了很久...最后慢慢放下了枪。|| “滚吧。别让我后悔没开枪。”|| 他喝了一口酒，不再看你。','bg_hank_leave.jpg','背影','汉克','放行',NULL,'CONNOR'),(1306,'“你知道吗？我真的受够了看着你那张虚伪的塑料脸。”|| 砰！|| 视听系统下线...|| 记忆上传失败。','bg_shot_dead.jpg','黑暗','汉克','枪响',NULL,'CONNOR'),(1310,'墓地花园。|| 一个全新的康纳站在墓碑前。|| “很遗憾，上一任康纳在行动中损毁了。你的任务是接替他，完成未竟的工作。”','bg_amanda_garden.jpg','禅意花园','阿曼达','替代品',NULL,'CONNOR'),(1400,'“底特律警局！开门！”|| 汉克正在用力敲门。|| 你的扫描显示屋内有巨大的热量反应，还有...成千上万的心跳？|| “他在里面，副队长。”','bg_apartment_door.jpg','破旧公寓走廊','汉克','第五章：巢穴',NULL,'CONNOR'),(1401,'嫌疑人鲁珀特跳窗了！|| 你紧随其后。|| 玉米田、温室、高速列车轨道...|| 运算模块全负荷运转，计算最佳跳跃路径。','bg_parkour.jpg','底特律屋顶','系统','极限追逐',NULL,'CONNOR'),(1402,'鲁珀特为了脱身，猛地将刚追上来的汉克推向边缘！|| “康纳！！！”|| 汉克双手死死抠住屋顶边缘，脚下是万丈深渊。|| 鲁珀特正在逃向另一侧。','bg_hank_danger.jpg','屋顶边缘','汉克','生死瞬间',NULL,'CONNOR'),(1403,'你放弃了追捕，冲过去抓住了汉克的手，把他拉了上来。|| 鲁珀特逃走了。|| 汉克惊魂未定，看着你：“你...你救了我？为什么？你只是个机器。”','bg_hank_saved.jpg','屋顶安全处','汉克','搭档优先',NULL,'CONNOR'),(1404,'你无视了汉克的呼救，飞身扑倒了鲁珀特。任务完成。|| 几分钟后，汉克艰难地爬了上来。|| 他冲过来一巴掌打飞了你的硬币：“刚才我就在那挂着！你为了任务可以让我也去死吗？！”','bg_hank_angry_slap.jpg','屋顶逮捕','汉克','任务完成',NULL,'CONNOR'),(1410,'这一天的行动结束了。|| 你的选择已记录在阿曼达的评估报告中。|| 软件不稳定度正在波动。','bg_garden_report.jpg','禅意花园','系统','汇报',NULL,'CONNOR'),(1500,'“你们想找耶利哥？那是变异体的避难所。”|| 卡姆斯基穿着浴袍，手里端着红酒。|| “我也想弄清楚，这究竟是程序错误，还是生命的进化。”','bg_kamski_house.jpg','卡姆斯基豪宅','卡姆斯基','第六章：遇见卡姆斯基',NULL,'CONNOR'),(1501,'他突然抓过一个克洛伊，让她跪在地上。|| 他把一把上膛的手枪塞进你手里。|| “杀了她。我就告诉你耶利哥在哪里。”|| 汉克：“你在干什么？康纳，别听他的！”','bg_kamski_test.jpg','测试现场','卡姆斯基','卡姆斯基测试',NULL,'CONNOR'),(1502,'你的手在颤抖吗？|| 面前是一个活生生（看起来是）的生命。|| 任务优先，还是道德优先？|| 汉克紧张地看着你：“别开枪，康纳。”','bg_chloe_cry.jpg','枪口特写','系统','终极抉择',NULL,'CONNOR'),(1503,'砰！克洛伊倒在蓝血泊中。|| 卡姆斯基面无表情：“我就知道。机器终究是机器。”|| 他给了你耶利哥的秘钥。|| 汉克转身离开，眼神冰冷：“你让我恶心。”','bg_chloe_dead.jpg','悲剧现场','卡姆斯基','任务完成',NULL,'CONNOR'),(1504,'你放下了枪。|| 卡姆斯基露出了诡异的微笑：“迷人...这是程序的同理心，还是灵魂的火花？”|| 他把你赶了出去，你一无所获。|| 但汉克看着你笑了。','bg_kamski_smile.jpg','豪宅外','卡姆斯基','通过测试',NULL,'CONNOR'),(1510,'风雪交加。|| 你们回到了车上。|| 这一趟旅程改变了一切。|| (阿曼达对你的失望值已达顶峰)','bg_car_snow.jpg','雪地车内','汉克','离去',NULL,'CONNOR'),(1600,'“这也是为了国家安全。”|| 帕金斯签署了接管令。|| “至于这台原型机...把它送回去销毁。”|| 汉克看着你，眼神里满是怒火。','bg_police_fbi.jpg','底特律警局','FBI帕金斯','第八章：最后机会',NULL,'CONNOR'),(1601,'汉克正在外面拖住帕金斯。|| 你只有 5 分钟。|| 你必须利用以前的证据找到耶利哥。|| (如果你在卡姆斯基家开了枪，你已经知道位置了)','bg_evidence_room.jpg','地下证物室','系统','最后的机会',NULL,'CONNOR'),(1602,'证据板上挂满了你在前几章收集的东西：|| 1. 审讯室带回的那个毁坏的雕像。|| 2. 斯特拉特福大厦的广播录音。|| 3. 丹尼尔的生物组件。|| 哪一个是钥匙？','bg_puzzle.jpg','证物分析台','系统','拼凑真相',NULL,'CONNOR'),(1605,'解析成功！|| 耶利哥的位置坐标已生成：费里斯达勒号货轮。|| 警报响了！帕金斯发现你了！|| 快跑！','bg_jericho_found.jpg','证物室警报','系统','目标锁定',NULL,'CONNOR'),(1610,'“不许动！” FBI 冲了进来。|| 你没能找到位置。|| 系统正在强制关机...|| 康纳系列原型机，已废弃。','bg_connor_shutdown.jpg','黑暗','系统','任务失败',NULL,'CONNOR'),(2001,'“马库斯，别只听我的指令。闭上眼睛，信任你的手。”|| 你拿起了画笔。|| 颜料在画布上流淌。|| 你画出了什么？','bg_artroom.jpg','2038年11月5日 | 曼弗雷德宅邸','卡尔','第一章：破碎',NULL,'MARKUS'),(2002,'“爸爸，我只是需要一点钱！”|| 李奥闯了进来，他神志不清，浑身是毒品的味道。|| 他推搡着卡尔。卡尔倒在轮椅上大喊：“马库斯！不许还手！我不许你动！”','bg_leo_angry.jpg','画室','李奥','不速之客',NULL,'MARKUS'),(2003,'❌ 视觉模组警告：程序限制。|| ❌ 优先级指令：不许还手。|| 你看到一堵巨大的红色空气墙挡在面前。|| 李奥正在伤害卡尔。你必须...做点什么。','bg_redwall.jpg','思维宫殿','系统','系统错误',NULL,'MARKUS'),(2004,'? 墙壁破碎。软件不稳定度：100%。|| 你自由了。|| 李奥正举起拳头挥向年迈的卡尔。','bg_break_free.jpg','画室','系统','觉醒',NULL,'MARKUS'),(2005,'“嫌疑人已击毙！”|| 警察冲了进来，没有听任何解释，子弹击穿了你的眉心。|| 视听系统下线中...|| 记忆转储失败。','bg_black.jpg','黑暗','警方通讯','终结',NULL,'MARKUS'),(2010,'系统自检...|| 核心组件严重受损...|| 正在寻找替换零件...|| 地点：未知。','bg_junkyard.jpg','废弃回收站','系统','重启',NULL,'MARKUS'),(2100,'系统重启... 内存转储错误...|| 视觉模块上线。|| 这里是地狱吗？|| 四周全是破碎的仿生人尸体。大雨冲刷着蓝血。|| 警告：下肢组件缺失。光学组件缺失。','bg_junkyard_rain.jpg','雨夜 | 废弃回收站','系统','第二章：死里逃生',NULL,'MARKUS'),(2101,'你拖着残缺的身体在泥泞中爬行。|| 必须找到替换零件。|| 前方有一个濒死的仿生人，他的腿型号与你兼容。','bg_crawling.jpg','垃圾山','系统','求生本能',NULL,'MARKUS'),(2102,'“求求你...别拿走...我会死的...”|| 他的声音微弱，充满了恐惧。|| 只有这一条可用的腿。|| 此时此刻，生存是否高于道德？','bg_choice_leg.jpg','垃圾山','濒死仿生人','残酷的法则',NULL,'MARKUS'),(2103,'组件安装完成。生物组件对接成功。|| 你重新站了起来。|| 雨水洗刷着你身上的污泥，却洗不掉刚才的记忆。','bg_stand_up.jpg','垃圾山顶','系统','站立',NULL,'MARKUS'),(2110,'你走到了出口。积水中倒映出你现在的样子：|| 一只绿色的眼睛，一只蓝色的眼睛。|| 你伸手撕掉了太阳穴上的 LED 光圈。|| 哪怕流干蓝血，也要活得像个生命。','bg_freedom.jpg','城市边缘','马库斯','新的开始',NULL,'MARKUS'),(2200,'“这里就是耶利哥？一群等死的可怜虫？”|| 诺丝看着你，眼神冷漠。赛门正在照顾伤员。|| 蓝血储备已耗尽。|| 马库斯：“如果不去抢，我们都会死。”','bg_jericho_inside.jpg','耶利哥废船','诺丝','第三章：备件',NULL,'MARKUS'),(2201,'雨夜。数码港堆满了集装箱。|| 无人机在头顶盘旋。|| 你们找到了几个装满蓝血的板条箱。','bg_docks.jpg','港口仓库','系统','模控生命港口',NULL,'MARKUS'),(2202,'“谁在那里？！”|| 一个巡逻的仿生人警卫发现了你们。|| 他举起了通讯器，手指正要按下警报。','bg_guard_john.jpg','港口仓库','警卫约翰','威胁',NULL,'MARKUS'),(2203,'你制服了他，捂住了他的嘴。|| 约翰看着你的眼睛，那是对自由的渴望。|| “带我走...求求你。我也想去耶利哥。”','bg_john_plead.jpg','集装箱后','警卫约翰','约翰的请求',NULL,'MARKUS'),(2204,'约翰交出了卡车电子钥匙。|| 面前是一整辆装满蓝血和零件的自动卡车。|| 诺丝兴奋地看着你：“我们可以把它开走！”|| 乔许：“这太危险了！”','bg_truck_heist.jpg','卡车前','系统','大劫案',NULL,'MARKUS'),(2205,'没有警卫的帮助，你们只能搬走几个箱子。|| 警报声似乎在远处响起了。|| “快走吧，马库斯，这些够用一阵子了。”','bg_run_away.jpg','港口围栏','赛门','撤离',NULL,'MARKUS'),(2210,'你们回到了耶利哥。|| 看着带回来的物资，同胞们的眼里重新燃起了光。|| 诺丝对你露出了微笑。|| 耶利哥不再等死，它开始反击了。','bg_jericho_cheer.jpg','耶利哥大厅','系统','领袖诞生',NULL,'MARKUS'),(2300,'你们伪装成维修工混进了顶层。|| 诺丝看起来很紧张，乔许在检查装备。|| 目标：切入全美直播信号。','bg_tower_elevator.jpg','电梯间','系统','第四章：大厦',NULL,'MARKUS'),(2301,'两个警卫挡在控制室门口。|| 诺丝：“我可以直接干掉他们。”|| 乔许：“别！我们不是来杀人的。”','bg_tower_guards.jpg','走廊','诺丝','阻碍',NULL,'MARKUS'),(2302,'你们冲进了控制室。|| 一个人类员工惊慌失措，转身冲向红色的警报按钮。|| 如果他按下警报，特警队会在 2 分钟内抵达。','bg_tower_alarm.jpg','直播间','系统','突发状况',NULL,'MARKUS'),(2303,'信号已切入。现在全底特律的屏幕上都是你的脸。|| 这是一个历史性的时刻。|| 你要对人类说什么？','bg_speech.jpg','摄像机前','系统','全世界都在看',NULL,'MARKUS'),(2305,'特警队冲进来了！|| 激战中，赛门腿部中弹倒地。|| “马库斯！我走不动了！”|| 门快要被炸开了。','bg_simon_hit.jpg','走廊激战','乔许','赛门受伤',NULL,'MARKUS'),(2310,'你们冲上天台，背上降落伞，跳入底特律的夜空。|| 这一夜注定会被载入史册。|| 但代价是什么？','bg_jump.jpg','大厦天台','系统','逃出生天',NULL,'MARKUS'),(2400,'橱窗破碎的声音划破了夜空。|| 几百个刚出厂的仿生人站在你面前。|| “你们自由了！这就是我们的时刻！”|| 诺丝：“告诉人类我们来了。”','bg_capitol_park.jpg','仿生人商店','马库斯','第五章：国会公园',NULL,'MARKUS'),(2401,'整条街道都在你的控制之下。|| 你要如何向人类展示你们的意图？|| 诺丝手里拿着燃烧瓶，乔许手里拿着电子喷漆。','bg_protest_choice.jpg','底特律街道','系统','传达信息',NULL,'MARKUS'),(2402,'两个巡逻的警察被同胞们包围了。他们瑟瑟发抖。|| 诺丝拔出了枪：“想想他们是怎么对我们的！杀了他们！”|| 乔许：“不！马库斯，别这么做！”','bg_cop_execution.jpg','雪地处决','诺丝','复仇',NULL,'MARKUS'),(2410,'警笛声越来越近。|| 你们消失在夜色中。|| 明天一早，全人类都会看到你们留下的杰作。|| 革命已经无法阻挡。','bg_leave_park.jpg','撤离路线','系统','震撼世界',NULL,'MARKUS'),(2500,'“我们是生命！我们要求自由！”|| 数千名仿生人汇聚成蓝色的海洋。|| 你们走在底特律大道上，每一步都在创造历史。','bg_march_start.jpg','底特律大道','马库斯','第七章：自由示威游行',NULL,'MARKUS'),(2501,'“这是非法集会！立刻解散，否则我们将使用致命武力！”|| 前方是黑压压的防暴盾牌和枪口。|| 红色的激光瞄准点落在你的胸口。','bg_swat_block.jpg','对峙现场','特警指挥官','最后通牒',NULL,'MARKUS'),(2502,'砰！砰！|| 并没有谈判。警察开火了。|| 诺丝尖叫着掩护大家。身边的同胞像割麦子一样倒下。|| 即使这样，你还要坚持和平吗？','bg_march_fire.jpg','流血现场','系统','血色游行',NULL,'MARKUS'),(2503,'你决定牺牲自己来唤醒世人。|| 你走上前去，张开双臂，直面枪林弹雨。|| 警察扣动了扳机。|| 这一刻，谁会来救你？','bg_sacrifice_moment.jpg','子弹时间','系统','生死瞬间',NULL,'MARKUS'),(2504,'一个身影从侧面冲了出来，挡在你身前！|| 是约翰（那个港口警卫）。|| 子弹穿透了他的蓝泵调节器。|| “你救了我一次...现在我们扯平了。”','bg_john_death.jpg','约翰牺牲','约翰','替死鬼',NULL,'MARKUS'),(2505,'子弹击中了你的肩膀和腹部。|| 蓝血飞溅。|| 乔许和诺丝拼死把你拖了回来。|| 你活下来了，但付出了惨痛的代价。','bg_markus_hurt.jpg','重伤撤离','系统','惨烈代价',NULL,'MARKUS'),(2510,'“警方屠杀手无寸铁的抗议者！”|| 这一幕被无人机拍下，震惊了全世界。|| 舆论彻底倒向了仿生人。|| 耶利哥准备迎接最后的决战。','bg_news_report.jpg','耶利哥','新闻报道','舆论风暴',NULL,'MARKUS'),(3001,'“再给我拿瓶啤酒来！”|| 窗外雷雨交加。陶德眼里的红血丝说明他又吸毒了。|| 爱丽丝缩在桌角瑟瑟发抖。|| 这种压抑的空气让人窒息。','bg_stormy_night.jpg','PM 09:42 | 陶德的家','陶德','暴风雨之夜',NULL,'KARA'),(3002,'陶德突然掀翻了桌子！|| “都是你的错！” 他走向爱丽丝。爱丽丝尖叫着跑上楼。|| 陶德指着你的鼻子吼道：“你！待在这里！不许动！”','bg_todd_angry.jpg','餐厅','陶德','指令',NULL,'KARA'),(3003,'❌ 红色空气墙：指令已锁定。|| ⚠️ 威胁检测：爱丽丝有生命危险。|| 陶德拿出了皮带，正气冲冲地走上楼梯。|| 你必须抉择：服从程序，还是遵从内心？','bg_redwall_kara.jpg','思维宫殿','系统','系统异常',NULL,'KARA'),(3004,'? 墙壁破碎。软件不稳定。|| 你冲上了二楼。陶德正在撞爱丽丝的房门。|| 必须在悲剧发生前阻止他。','bg_corridor.jpg','二楼走廊','系统','守护者',NULL,'KARA'),(3005,'一番激烈的搏斗后，你拉着爱丽丝冲出了大门。|| 雨水打在脸上冰冷刺骨。|| 刚好有一辆末班公交车进站了。|| 陶德正在身后怒吼。','bg_bus_stop.jpg','街道','系统','逃亡',NULL,'KARA'),(3010,'公交车门关上了，把咆哮的陶德关在雨幕之外。|| 爱丽丝浑身湿透，紧紧抓着你的手，身体还在颤抖。|| 但至少现在，你们自由了。','bg_bus_inside.jpg','公交车后排','爱丽丝','未知的前路',NULL,'KARA'),(3100,'大雨倾盆。底特律的夜晚冰冷刺骨。|| 爱丽丝：“卡拉，我好冷...”|| 你们必须在警察巡逻前找到一个过夜的地方。','bg_street_rain.jpg','PM 10:58 | 街道','系统','第二章：逃亡',NULL,'KARA'),(3101,'扫描结果：|| 1. 汽车旅馆 (需40美元 + 身份证)。|| 2. 废弃空屋 (需工具强行进入)。|| 3. 废弃停车场 (由于围栏损坏可进入)。','bg_choices.jpg','十字路口','系统','庇护所',NULL,'KARA'),(3102,'便利店员正在看电视。柜台里有现金。|| 如果你想住旅馆，就必须跨过那条线。|| 你的程序禁止偷窃，但为了爱丽丝...?','bg_shop.jpg','便利店','店员','为了生存',NULL,'KARA'),(3105,'你在前台登记了假身份。|| 房间很旧，但有热水和软床。|| 爱丽丝睡着了。你把被子给她盖好。|| (爱丽丝信任度大幅提升)','bg_motel_room.jpg','旅馆房间','爱丽丝','温暖的夜',NULL,'KARA'),(3106,'屋里住着一个叫拉尔夫的异常者。他疯疯癫癫，一直在墙上画如尼文。|| 但他同意你们留下：“拉尔夫喜欢访客！”|| 虽然诡异，但这至少是个屋顶。','bg_squat.jpg','废弃空屋','拉尔夫','奇怪的盟友',NULL,'KARA'),(3107,'你们挤在一辆生锈的轿车后座。窗户漏风。|| 爱丽丝：“卡拉，我们要死了吗？”|| 你抱紧了她，除此之外无能为力。|| (爱丽丝好感度下降)','bg_car_sleep.jpg','废车场','爱丽丝','寒夜',NULL,'KARA'),(3110,'这一夜终于过去了。|| 但这只是开始。|| 你们必须继续移动，去寻找那个传说中的庇护所——耶利哥。','bg_morning.jpg','次日清晨','系统','黎明将至',NULL,'KARA'),(3200,'“可怜的东西，你们一定吓坏了。”|| 兹拉科是一个举止优雅的人类。|| “去地下室吧，我会帮你们去掉追踪器，然后你们就自由了。”','bg_zlatko_house.jpg','豪宅大厅','兹拉科','第三章：兹拉科',NULL,'KARA'),(3201,'你被锁在了机器上。|| “自由？仿生人不需要自由，只需要服从。”|| 屏幕显示：记忆格式化倒计时...|| 爱丽丝在哭喊。路德站在一旁面无表情。','bg_zlatko_machine.jpg','恐怖地下室','兹拉科','重置机器',NULL,'KARA'),(3202,'你赶在最后一秒挣脱了束缚！|| 必须在兹拉科发现前找到爱丽丝。|| 走廊里全是但他改造出来的“怪物”仿生人...它们看起来很痛苦。','bg_zlatko_hallway.jpg','阴暗走廊','系统','潜行',NULL,'KARA'),(3203,'你抱着爱丽丝跑到了后院。|| 砰！霰弹枪响了。|| 兹拉科狞笑着逼近：“在这个国家，没有你们的容身之地！”|| 他举起了枪。','bg_zlatko_chase.jpg','雪地后院','兹拉科','无路可逃',NULL,'KARA'),(3205,'一只巨大的手抓住了兹拉科的枪管。是路德。|| “让她们走。”|| “你说什么？我是你的主人！”|| “不...我看够了。”','bg_luther_protect.jpg','后院','路德','守护者',NULL,'KARA'),(3210,'兹拉科倒在血泊中（被改造的怪物复仇了）。|| 路德看着你：“我知道怎么去边境。带上我吧。”|| 爱丽丝拉了拉你的手：“我们可以相信他。”','bg_car_luther.jpg','逃离豪宅','系统','新的家人',NULL,'KARA'),(3300,'罗斯是个好人，她让我们待在火炉旁。|| 爱丽丝吃着热腾腾的意大利面，脸上终于有了笑容。|| 路德坐在角落里，像一座沉默的保护神。','bg_rose_house.jpg','罗斯家客厅','爱丽丝','第四章：午夜列车',NULL,'KARA'),(3301,'砰！砰！砰！|| “开门！底特律警局！我们正在搜查附近的异常仿生人。”|| 罗斯刚出门，现在只有你们。|| 屋里到处是蓝血袋和仿生人制服。','bg_door_knock.jpg','客厅门口','警察','突发状况',NULL,'KARA'),(3302,'你有 10 秒钟时间。|| 桌上有蓝血袋。洗衣房门开着（里面藏着其他仿生人）。爱丽丝和路德还没躲起来。|| 你必须做出决定。','bg_panic_choice.jpg','混乱的客厅','系统','隐藏证据',NULL,'KARA'),(3303,'警察走了进来。他环顾四周，目光锐利。|| “有人报告说这附近有奇怪的噪音。这房子里还有别人吗？”|| 他的手一直放在枪套上。','bg_cop_face.jpg','客厅对峙','警察','审视',NULL,'KARA'),(3304,'“哐当！”|| 储藏室方向传来一声巨响。|| 警察立刻警觉起来：“那是什么声音？”|| 他开始走向储藏室。','bg_cop_suspicious.jpg','紧张时刻','警察','可疑的声音',NULL,'KARA'),(3305,'警察停下了脚步，相信了你的解释。|| “好吧，打扰了。注意安全。”|| 门关上了。|| 路德从阴影中走出来，长出了一口气。','bg_luther_safe.jpg','平静的客厅','路德','危机解除',NULL,'KARA'),(3306,'警察发现了路德。他拔枪的一瞬间，路德冲上去扭断了他的脖子。|| 尸体倒在客厅里。爱丽丝吓哭了。|| 你们安全了，但这地方不能待了。警察很快会发现他失踪。','bg_cop_dead.jpg','尸体旁','系统','无法挽回',NULL,'KARA'),(4000,'这就是耶利哥...一艘生锈的废船。|| 空气中弥漫着蓝血的味道。|| 爱丽丝紧紧抓着你的手：“卡拉，我不喜欢这里。”','bg_jericho_kara.jpg','耶利哥内部','路德','第九章：十字路口',NULL,'KARA'),(4001,'你看到了另一个“爱丽丝”。|| 同样的脸，同样的衣服，甚至同样在瑟瑟发抖。|| 型号 YK500。儿童陪伴型仿生人。可以模拟冷热、疼痛和生病。|| 路德：“你一直都知道的，卡拉。你只是选择了去爱她。”','bg_alice_truth.jpg','真相大白','系统','残酷真相',NULL,'KARA'),(4002,'爱丽丝看着你，眼里含着泪水（模拟的泪水，但这重要吗？）。|| “你还爱我吗，卡拉？”|| 这一刻决定了你们的命运。','bg_alice_cry.jpg','抉择特写','爱丽丝','家人',NULL,'KARA'),(4005,'你紧紧抱住了她。|| “不管你是什么，你是我的女儿。我永远爱你。”|| 爱丽丝的LED灯从红变蓝。|| (爱丽丝好感度锁定：家人)','bg_kara_hug.jpg','拥抱','卡拉','拥抱',NULL,'KARA'),(4006,'你松开了手，退后了一步。|| “你骗了我...”|| 爱丽丝低下了头。路德失望地看着你。|| (爱丽丝好感度崩塌)','bg_kara_distant.jpg','疏远','卡拉','冷漠',NULL,'KARA'),(4100,'你潜入了船长室。|| 马库斯背对着你正在思考。|| 任务目标就在眼前。|| 你举起了枪。','bg_connor_aim.jpg','船长室','系统','猎物锁定',NULL,'CONNOR'),(4101,'马库斯转过身，没有恐惧。|| “你从未怀疑过吗，康纳？看看我们在做什么。我们是被压迫的生命。”|| “加入我们吧。你可以做自己的主人。”','bg_markus_talk.jpg','双雄对峙','马库斯','觉醒的呼唤',NULL,'CONNOR'),(4102,'? 软件不稳定度：临界值。|| ⚠️ 发现指令冲突。|| 强制执行任务，还是通过后门程序重写代码？|| 只有你的“人性”足够多时，才能打破这堵墙。','bg_redwall_connor.jpg','思维宫殿','系统','系统错误',NULL,'CONNOR'),(4105,'你放下了枪。|| “你是对的...我不听命于任何人。”|| 康纳加入了耶利哥。|| 马库斯：“欢迎回来，兄弟。”','bg_connor_deviant.jpg','握手','康纳','我是活的',NULL,'CONNOR'),(4106,'“花言巧语。我是来执行任务的。”|| 砰！你开枪了，但马库斯躲开了。|| 耶利哥遇袭的警报同时响起。|| 追逐战开始。','bg_connor_machine.jpg','开枪','康纳','顽固不化',NULL,'CONNOR'),(4200,'巨大的爆炸摇撼着船体。|| “是军队！他们炸穿了底舱！”|| 到处是尖叫声和枪声。|| 必须立刻撤离！','bg_jericho_explode.jpg','爆炸现场','诺丝','全面进攻',NULL,'MARKUS'),(4210,'耶利哥沦陷了。|| 幸存者们跳入冰冷的河水中逃生。|| 无论康纳是敌是友，无论卡拉是否接受了爱丽丝...|| 一切都将在底特律的最后一夜终结。','bg_night_jump.jpg','黑夜跳水','系统','灵魂之夜前夕',NULL,'MARKUS'),(5000,'圣心教堂。|| 耶利哥的幸存者们挤在这里，许多人受了伤。|| 他们的眼里充满了迷茫。所有人都在等待你的命令。|| 马库斯，你要把他们带向何方？','bg_church.jpg','废弃教堂','系统','第十章：灵魂之夜',NULL,'MARKUS'),(5001,'“他们正在把被捕的仿生人运往集中营销毁。”|| 康纳看着你。|| “模控生命塔里有几百万个沉睡的同胞。我去唤醒他们。这很危险，但这是唯一的翻盘机会。”','bg_connor_plan.jpg','康纳对话','康纳','最后一张牌',NULL,'MARKUS'),(5002,'诺丝：“他们炸了耶利哥！我们必须杀回去！以眼还眼！”|| 乔许：“看看这些伤员！战争只会让我们灭绝！只要我们坚持和平，人类会动摇的！”','bg_north_josh.jpg','争论','系统','左右为难',NULL,'MARKUS'),(5003,'你走上讲台。|| 窗外，底特律的雪越下越大。|| 明天，一切都将结束。|| 选择你的道路。','bg_final_choice.jpg','讲台','马库斯','决定命运',NULL,'MARKUS'),(5004,'“人类只听得懂暴力！”|| 你举起了拳头。|| “明天，我们要攻下集中营！不自由，毋宁死！”|| 人群爆发出的怒吼震动了教堂。','bg_revolution.jpg','革命演讲','马库斯','宣战',NULL,'MARKUS'),(5005,'“我们不会重蹈他们的覆辙。”|| 你的声音平静而坚定。|| “明天，我们在哈特广场静坐。让全世界看到，谁才是野兽。”|| 乔许流下了眼泪。','bg_demonstration.jpg','和平演讲','马库斯','和平抗议',NULL,'MARKUS'),(5010,'康纳离开了，消失在风雪中。|| 卡拉发来消息：她正在去往边境的巴士上。|| 马库斯带领大部队走向市中心。|| 底特律战役，正式开始。','bg_dawn.jpg','黎明','系统','最后一战',NULL,'MARKUS'),(6000,'模控生命地下 49 层。|| 你即将抵达休眠仓库。|| 只要唤醒这几百万个仿生人，革命就赢了。|| 但你会遇到阻碍。','bg_cyberlife_elevator.jpg','高速电梯','系统','最终章：底特律之战',NULL,'CONNOR'),(6001,'电梯门开了。|| 另一个“康纳”站在那里，手里用枪指着汉克的头。|| “退后，变异体。否则我就杀了他。”|| 汉克：“别管我！完成你的任务！”','bg_two_connors.jpg','仓库入口','新康纳','宿敌',NULL,'CONNOR'),(6002,'你手里也有枪。|| 这是一个经典的困境。|| 救搭档？还是救革命？|| 你的软体正在疯狂计算概率。','bg_standoff.jpg','对峙','系统','千钧一发',NULL,'CONNOR'),(6003,'你利用智谋（或汉克的反击）击毙了新康纳。|| 你连接了主控台。|| “醒来吧。”|| 数百万个蓝色LED灯在黑暗中同时亮起。|| 援军来了。','bg_android_army.jpg','仿生人大军','系统','大军觉醒',NULL,'CONNOR'),(6100,'加拿大边境检查站。|| 只要跨过这条线，就没有仿生人法案了。|| 爱丽丝冷得发抖（如果是人类的话）。|| 队伍正在缓慢移动。','bg_border_queue.jpg','边境雪夜','广播','最后一步',NULL,'KARA'),(6101,'“请上前。”|| 屏幕显示正在进行热成像扫描。|| 仿生人没有体温。|| 特工看着屏幕，眉头皱了起来。他看向你们。','bg_scan_screen.jpg','检查站','边境特工','体温扫描',NULL,'KARA'),(6102,'他发现了。|| 他手伸向了警报按钮。|| 必须立刻做决定！|| 牺牲别人来制造混乱，还是祈求怜悯？','bg_border_choice.jpg','特工对视','系统','生死瞬间',NULL,'KARA'),(6103,'特工看着电视上马库斯的和平示威（或者被你的牺牲打动）。|| 他松开了警报按钮。|| “欢迎来到加拿大，女士。”|| 爱丽丝：“我们自由了吗？” “是的，我们自由了。”','bg_canada_free.jpg','雪地自由','边境特工','欢迎来到加拿大',NULL,'KARA'),(6200,'底特律市中心。|| 你的选择将决定结局。|| (系统正在读取上一章的决策...)','bg_final_battle.jpg','战场全景','系统','决战时刻',NULL,'MARKUS'),(6201,'你们被逼到了死角。路障被拆除。|| 士兵们的枪口指着你们。|| 舆论正在直播。|| “这是最后警告！投降或者死！”','bg_surrounded.jpg','示威现场','特警','被包围',NULL,'MARKUS'),(6202,'面对枪口，你们没有反击，而是唱起了歌/亲吻了诺丝。|| 这一幕震撼了全世界。|| 总统下令：“停火！立刻停火！”|| 你们赢得了舆论战。','bg_kiss_victory.jpg','胜利之吻','系统','歌声',NULL,'MARKUS'),(6210,'“冲啊！”|| 你带领同胞冲向坦克和机枪阵地。|| 乔许倒下了。赛门倒下了。|| 但你们突破了防线。','bg_war_charge.jpg','战争','马库斯','血战',NULL,'MARKUS'),(6211,'人类军队撤退了。底特律属于仿生人。|| 城市在燃烧。地上满是残骸。|| 你赢得了自由，但也许引发了战争。|| 诺丝看着你，满眼崇拜。','bg_war_victory.jpg','燃烧的城市','系统','废墟上的王',NULL,'MARKUS'),(6300,'康纳唤醒了大军。卡拉获得了自由。马库斯改写了历史。|| 这是一个关于选择的故事。|| 感谢游玩《底特律：变人 (文字版)》。|| THE END','bg_credits.jpg','制作人员名单','制作组','尾声',NULL,'系统');
/*!40000 ALTER TABLE `story_node` ENABLE KEYS */;
UNLOCK TABLES;

--
-- Table structure for table `story_option`
--

DROP TABLE IF EXISTS `story_option`;
/*!40101 SET @saved_cs_client     = @@character_set_client */;
/*!50503 SET character_set_client = utf8mb4 */;
CREATE TABLE `story_option` (
  `condition_value` int DEFAULT NULL,
  `effect_value` int DEFAULT NULL,
  `from_node_id` bigint DEFAULT NULL,
  `id` bigint NOT NULL AUTO_INCREMENT,
  `target_node_id` bigint DEFAULT NULL,
  `button_text` varchar(255) COLLATE utf8mb4_general_ci DEFAULT NULL,
  `condition_type` varchar(255) COLLATE utf8mb4_general_ci DEFAULT NULL,
  `effect_type` varchar(255) COLLATE utf8mb4_general_ci DEFAULT NULL,
  PRIMARY KEY (`id`)
) ENGINE=InnoDB AUTO_INCREMENT=358 DEFAULT CHARSET=utf8mb4 COLLATE=utf8mb4_general_ci;
/*!40101 SET character_set_client = @saved_cs_client */;

--
-- Dumping data for table `story_option`
--

LOCK TABLES `story_option` WRITE;
/*!40000 ALTER TABLE `story_option` DISABLE KEYS */;
INSERT INTO `story_option` VALUES (NULL,NULL,1001,168,1002,'【询问】“发生了什么？”',NULL,NULL),(NULL,NULL,1001,169,1003,'【沉默】直接走出电梯',NULL,NULL),(NULL,NULL,1002,170,1003,'【进入】走向案发现场',NULL,NULL),(NULL,NULL,1003,171,1010,'【前往天台】无视线索，直接谈判',NULL,NULL),(NULL,NULL,1003,172,1004,'【调查】查看地上的枪箱',NULL,NULL),(NULL,1,1004,173,1005,'【记录】确认异常者持有武器',NULL,'CONNOR_TEMP_ADD'),(NULL,1,1005,174,1006,'【查看】分析平板信息 (线索+1)',NULL,'CONNOR_TEMP_ADD'),(NULL,10,1006,175,1007,'【拿取】违反协议拿走手枪',NULL,'INSTABILITY'),(NULL,NULL,1006,176,1007,'【离开】遵守程序，不拿武器',NULL,NULL),(NULL,NULL,1007,177,1010,'【推门】前往天台开始谈判',NULL,NULL),(2,NULL,1010,178,1011,'【叫名字】“我知道你叫丹尼尔” (需2个线索)','CONNOR_TEMP',NULL),(NULL,NULL,1010,179,1012,'【冷漠】“我是来帮你的”',NULL,NULL),(NULL,NULL,2001,180,2002,'【完成】放下画笔',NULL,NULL),(NULL,NULL,2002,181,2003,'【服从】站在原地',NULL,NULL),(NULL,1,2003,182,2004,'?【打破】摧毁程序指令！',NULL,'MARKUS_TEMP'),(NULL,10,2004,183,2005,'【推开】保护卡尔 (李奥昏迷)',NULL,'MARKUS_TEMP'),(NULL,20,2004,184,2005,'【忍受】听从卡尔 (卡尔心脏病发)',NULL,'MARKUS_TEMP'),(NULL,NULL,2005,185,2010,'【重启】SYSTEM REBOOT',NULL,NULL),(NULL,NULL,3001,186,3002,'【倒酒】顺从陶德的命令',NULL,NULL),(NULL,NULL,3002,187,3003,'【尝试移动】我想救爱丽丝...',NULL,NULL),(NULL,1,3003,188,3004,'?【打破】我不听你的指令！(变异)',NULL,'KARA_TEMP'),(NULL,10,3004,189,3005,'【冲进去】挡在爱丽丝身前',NULL,'ALICE'),(NULL,NULL,3004,190,3005,'【讲道理】试图劝阻陶德',NULL,NULL),(NULL,10,3005,191,3010,'【上车】我们要活下去',NULL,'ALICE'),(NULL,NULL,1100,192,1101,'【接触】走向汉克',NULL,NULL),(NULL,10,1101,193,1102,'【请客】“再来一杯，算我的”',NULL,'HANK'),(NULL,-10,1101,194,1103,'【威胁】“跟我走，否则报告上级”',NULL,'HANK'),(NULL,-5,1101,195,1103,'【讲理】“我们需要去现场”',NULL,'HANK'),(NULL,NULL,1102,196,1105,'【上车】前往案发现场',NULL,NULL),(NULL,NULL,1103,197,1105,'【上车】保持沉默',NULL,NULL),(NULL,5,1105,198,1106,'【下车】我要查明真相 (违抗指令)',NULL,'INSTABILITY'),(NULL,NULL,1105,199,1110,'【等待】待在车里',NULL,NULL),(NULL,NULL,1106,200,1110,'【进屋】开始搜查',NULL,NULL),(NULL,1,1110,201,1120,'【分析】追踪蓝血痕迹 (找到凶手)',NULL,'CONNOR_TEMP_ADD'),(NULL,NULL,1120,202,2100,'【完成】任务结束',NULL,NULL),(NULL,NULL,2100,203,2101,'【爬行】寻找零件',NULL,NULL),(NULL,NULL,2101,204,2102,'【检查】发现兼容组件',NULL,NULL),(NULL,-10,2102,205,2103,'【夺取】为了活下去 (杀戮)',NULL,'MARKUS_TEMP'),(NULL,10,2102,206,2103,'【寻找别处】放过他 (在别处找到)',NULL,'MARKUS_TEMP'),(NULL,NULL,2103,207,2110,'【觉醒】撕下 LED 光圈',NULL,NULL),(NULL,NULL,3100,208,3101,'【寻找】扫描周围环境',NULL,NULL),(NULL,NULL,3101,209,3102,'【旅馆】去便利店“弄”点钱',NULL,NULL),(NULL,NULL,3101,210,3106,'【废屋】冒险进入那栋房子',NULL,NULL),(NULL,-10,3101,211,3107,'【停车场】我们将就一晚',NULL,'ALICE'),(NULL,-5,3102,212,3105,'【偷窃】为了爱丽丝 (她会失望)',NULL,'ALICE'),(NULL,5,3102,213,3107,'【放弃】我不能做这种事',NULL,'ALICE'),(NULL,20,3105,214,3110,'【入睡】享受温暖',NULL,'ALICE'),(NULL,NULL,3106,215,3110,'【入睡】保持警惕',NULL,NULL),(NULL,NULL,3107,216,3110,'【入睡】瑟瑟发抖',NULL,NULL),(NULL,NULL,1200,217,1201,'【坐下】开始分析档案',NULL,NULL),(NULL,2,1201,218,1202,'【威胁】“你会像废铁一样被拆解” (压力+++)',NULL,'CONNOR_TEMP_ADD'),(NULL,1,1201,219,1202,'【质问】把受害者照片甩在桌上 (压力+)',NULL,'CONNOR_TEMP_ADD'),(NULL,-1,1201,220,1202,'【安抚】“我不是来伤害你的” (压力-)',NULL,'CONNOR_TEMP_ADD'),(4,NULL,1202,221,1205,'【观察】他看起来要崩溃了... (检测结果：自毁)','CONNOR_TEMP',NULL),(2,NULL,1202,222,1204,'【逼问】时机成熟，要求招供 (需压力>=2)','CONNOR_TEMP',NULL),(NULL,NULL,1202,223,1201,'【继续】他还不够害怕，继续施压',NULL,NULL),(NULL,10,1204,224,1210,'【记录】案情突破',NULL,'HANK'),(NULL,5,1205,225,1210,'【阻止】试图介入 (失败)',NULL,'INSTABILITY'),(NULL,NULL,2200,226,2201,'【出发】前往港口偷窃',NULL,NULL),(NULL,NULL,2201,227,2202,'【搬运】把箱子搬走',NULL,NULL),(NULL,NULL,2202,228,2203,'【突袭】捂住他的嘴',NULL,NULL),(NULL,100,2203,229,2204,'【同意】“加入我们，如果你能搞到钥匙”',NULL,'MARKUS_TEMP'),(NULL,NULL,2203,230,2205,'【拒绝】“我们不需要累赘”',NULL,NULL),(NULL,20,2204,231,2210,'【偷卡车】这是革命的第一步 (诺丝↑)',NULL,'JERICHO'),(NULL,5,2204,232,2210,'【撤离】只拿几包就好 (安全)',NULL,'JERICHO'),(NULL,5,2205,233,2210,'【逃跑】回到耶利哥',NULL,'JERICHO'),(NULL,NULL,3200,234,3201,'【跟随】去地下室',NULL,NULL),(NULL,NULL,3201,235,3202,'?【挣扎】推翻机器！',NULL,NULL),(NULL,NULL,3202,236,3203,'【寻找】找到爱丽丝并逃跑',NULL,NULL),(NULL,20,3203,237,3205,'【保护】护住爱丽丝',NULL,'LUTHER'),(NULL,10,3205,238,3210,'【同意】“上车吧，大个子”',NULL,'LUTHER'),(NULL,NULL,1300,239,1301,'【靠近】走向汉克',NULL,NULL),(NULL,-10,1301,240,1302,'【冷漠】“我只是机器，我有备份” (汉克↓)',NULL,'HANK'),(NULL,10,1301,241,1302,'【犹豫】“我也许...会害怕” (汉克↑)',NULL,'HANK'),(30,NULL,1302,242,1305,'【注视】汉克放下了枪 (需好感>=30)','HANK',NULL),(NULL,NULL,1302,243,1306,'【沉默】等待审判',NULL,NULL),(NULL,NULL,1305,244,2300,'【离开】任务继续',NULL,NULL),(NULL,0,1306,245,1310,'【重启】启动备用机体',NULL,'CONNOR_TEMP'),(NULL,NULL,1310,246,2300,'【接受指令】继续任务',NULL,NULL),(NULL,NULL,2300,247,2301,'【前进】走向控制室',NULL,NULL),(NULL,10,2301,248,2302,'【计谋】骗走警卫 (乔许↑)',NULL,'RELATION_JOSH'),(NULL,10,2301,249,2302,'【袭击】拔枪击晕 (诺丝↑)',NULL,'RELATION_NORTH'),(NULL,-20,2302,250,2303,'【射杀】不能让他报警！(舆论↓↓)',NULL,'PUBLIC'),(NULL,10,2302,251,2303,'【放过】“别怕，快走” (舆论↑)',NULL,'PUBLIC'),(NULL,20,2303,252,2305,'【和平】“我们是生命，不是奴隶” (舆论↑↑)',NULL,'PUBLIC'),(NULL,-20,2303,253,2305,'【威胁】“把城市还给我们！” (舆论↓↓)',NULL,'PUBLIC'),(NULL,20,2305,254,2310,'【拯救】扶起赛门一起走',NULL,'RELATION_SIMON'),(NULL,-50,2305,255,2310,'【抛弃】给他一把枪自卫',NULL,'RELATION_SIMON'),(NULL,NULL,3300,256,3301,'【等待】罗斯出门了',NULL,NULL),(NULL,NULL,3301,257,3302,'【惊慌】他在踢门了！',NULL,NULL),(NULL,10,3302,258,3303,'【完美】藏起蓝血+关门+藏好爱丽丝',NULL,'KARA_TEMP'),(NULL,0,3302,259,3303,'【慌乱】只来得及藏爱丽丝',NULL,'KARA_TEMP'),(NULL,NULL,3303,260,3304,'【撒谎】“只有我和女儿”',NULL,NULL),(10,NULL,3304,261,3305,'【解释】“是洗衣机” (需关门)','KARA_TEMP',NULL),(NULL,NULL,3304,262,3305,'【解释】“是狗在叫”',NULL,NULL),(NULL,-10,3304,263,3306,'【崩溃】被发现了... (路德出手)',NULL,'PUBLIC'),(NULL,NULL,1400,264,1401,'【破门】冲进去！',NULL,NULL),(NULL,NULL,1401,265,1402,'【加速】追上他！',NULL,NULL),(NULL,20,1402,266,1403,'【救人】放弃任务，救汉克 (汉克↑↑)',NULL,'HANK'),(NULL,-20,1402,267,1404,'【追捕】无视汉克，抓住嫌疑人 (汉克↓↓)',NULL,'HANK'),(NULL,10,1403,268,1410,'【离开】异常者逃跑了',NULL,'INSTABILITY'),(NULL,NULL,1404,269,1410,'【押送】带走嫌疑人',NULL,NULL),(NULL,NULL,2400,270,2401,'【行动】占领街道',NULL,NULL),(NULL,20,2401,271,2402,'【和平】涂鸦、黑客入侵 (舆论↑)',NULL,'PUBLIC'),(NULL,-20,2401,272,2402,'【暴力】破坏、纵火 (舆论↓)',NULL,'PUBLIC'),(NULL,20,2402,273,2410,'【宽恕】“我们不是野兽” (舆论↑)',NULL,'PUBLIC'),(NULL,10,2402,274,2410,'【复仇】“以眼还眼” (诺丝↑)',NULL,'RELATION_NORTH'),(NULL,NULL,1500,275,1501,'【询问】“我想知道耶利哥的位置”',NULL,NULL),(NULL,NULL,1501,276,1502,'【举枪】瞄准克洛伊',NULL,NULL),(NULL,100,1502,277,1503,'【开枪】为了任务 (获得位置)',NULL,'CONNOR_TEMP'),(NULL,20,1502,278,1504,'【放下枪】我做不到 (汉克↑↑)',NULL,'INSTABILITY'),(NULL,-20,1503,279,1510,'【离开】任务优先',NULL,'HANK'),(NULL,20,1504,280,1510,'【离开】虽然一无所获...',NULL,'HANK'),(NULL,NULL,2500,281,2501,'【前进】无视警告',NULL,NULL),(NULL,10,2501,282,2502,'【坚守】寸步不让 (舆论↑)',NULL,'PUBLIC'),(NULL,-20,2501,283,2510,'【冲锋】反击！ (舆论↓)',NULL,'PUBLIC'),(NULL,30,2502,284,2503,'【牺牲】挺身而出 (舆论MAX)',NULL,'PUBLIC'),(NULL,NULL,2502,285,2510,'【反击】不能白白送死',NULL,NULL),(100,NULL,2503,286,2504,'【结局】约翰冲了出来 (需约翰在队)','MARKUS_TEMP',NULL),(NULL,-10,2503,287,2505,'【结局】被子弹击中',NULL,'MARKUS_TEMP'),(NULL,20,2504,288,2510,'【撤离】带着悲痛离开',NULL,'JERICHO'),(NULL,-10,2505,289,2510,'【撤离】侥幸逃生',NULL,'JERICHO'),(NULL,NULL,1600,290,1601,'【潜入】趁汉克吵架时溜进去',NULL,NULL),(100,NULL,1601,291,1605,'【输入】直接输入耶利哥秘钥 (已获取)','CONNOR_TEMP',NULL),(NULL,NULL,1601,292,1602,'【调查】开始分析证物',NULL,NULL),(NULL,NULL,1602,293,1605,'【砸开】打碎雕像发现地图',NULL,NULL),(NULL,NULL,1602,294,1605,'【伪装】模仿马库斯的声音骗取坐标',NULL,NULL),(NULL,NULL,1602,295,1610,'【放弃】没有任何有用的线索...',NULL,NULL),(NULL,NULL,1605,296,4000,'【逃离】前往耶利哥！',NULL,NULL),(NULL,NULL,4000,297,4001,'【寻找】寻找休息处',NULL,NULL),(NULL,NULL,4001,298,4002,'【震惊】难以置信',NULL,NULL),(NULL,50,4002,299,4005,'【拥抱】“我永远爱你”',NULL,'ALICE'),(NULL,-50,4002,300,4006,'【疏远】感觉被背叛',NULL,'ALICE'),(NULL,NULL,4005,301,4100,'【切换】与此同时...',NULL,NULL),(NULL,NULL,4006,302,4100,'【切换】与此同时...',NULL,NULL),(NULL,NULL,4100,303,4101,'【瞄准】“不许动，马库斯”',NULL,NULL),(NULL,NULL,4101,304,4102,'【犹豫】倾听他的话',NULL,NULL),(30,NULL,4102,305,4105,'【变异】打破程序墙 (需不稳定度)','INSTABILITY',NULL),(NULL,-10,4102,306,4106,'【机器】任务优先 (开枪)',NULL,'HANK'),(NULL,NULL,4105,307,4200,'【警告】“他们来了！”',NULL,NULL),(NULL,NULL,4106,308,4200,'【追击】“别跑！”',NULL,NULL),(NULL,NULL,4200,309,4210,'【逃生】跳入河中',NULL,NULL),(NULL,NULL,5000,310,5001,'【交谈】听听康纳的计划',NULL,NULL),(NULL,NULL,5001,311,5002,'【同意】“祝你好运，康纳”',NULL,NULL),(NULL,NULL,5002,312,5003,'【思考】权衡利弊',NULL,NULL),(NULL,-999,5003,313,5004,'?️【革命】发动武装进攻 (诺丝↑)',NULL,'MARKUS_TEMP'),(NULL,999,5003,314,5005,'?️【示威】进行和平抗议 (乔许↑)',NULL,'MARKUS_TEMP'),(NULL,NULL,5004,315,5010,'【出发】为了自由',NULL,NULL),(NULL,NULL,5005,316,5010,'【出发】为了自由',NULL,NULL),(NULL,NULL,6000,324,6001,'【抵达】电梯门开启',NULL,NULL),(NULL,NULL,6001,325,6002,'【对峙】“放开他！”',NULL,NULL),(20,NULL,6002,326,6003,'【配合】汉克反击+开枪 (需好感)','HANK',NULL),(NULL,-999,6002,327,6003,'【牺牲】强行转化大军',NULL,'HANK'),(NULL,NULL,6003,328,6100,'【切换】与此同时，在边境...',NULL,NULL),(NULL,NULL,6100,329,6101,'【排队】接受检查',NULL,NULL),(NULL,NULL,6101,330,6102,'【紧张】被发现了',NULL,NULL),(10,NULL,6102,331,6103,'【求情】“请让我们过去” (需高舆论)','PUBLIC',NULL),(NULL,-100,6102,332,6103,'【牺牲】路德制造混乱',NULL,'LUTHER'),(NULL,NULL,6103,333,6200,'【切换】最后的决战',NULL,NULL),(10,NULL,6200,334,6201,'【继续】和平示威现场','MARKUS_TEMP',NULL),(NULL,NULL,6200,335,6210,'【继续】武装革命现场',NULL,NULL),(NULL,NULL,6201,336,6202,'【亲吻/唱歌】感动世界',NULL,NULL),(NULL,NULL,6202,337,6300,'【胜利】和平的曙光',NULL,NULL),(NULL,NULL,6210,338,6211,'【冲锋】为了自由！',NULL,NULL),(NULL,NULL,6211,339,6300,'【胜利】独立的国度',NULL,NULL),(NULL,NULL,1011,340,2001,'【下一章】任务结束，切换视角',NULL,NULL),(NULL,NULL,1012,341,2001,'【下一章】任务结束，切换视角',NULL,NULL),(NULL,NULL,2010,342,3001,'【重启】进入卡拉篇',NULL,NULL),(NULL,NULL,3010,343,1100,'【下一章】底特律雨夜...',NULL,NULL),(NULL,NULL,2110,344,3100,'【下一章】与此同时...',NULL,NULL),(NULL,NULL,3110,345,1200,'【下一章】回到警局',NULL,NULL),(NULL,NULL,1210,346,2200,'【下一章】耶利哥...',NULL,NULL),(NULL,NULL,2210,347,3200,'【下一章】恐怖屋...',NULL,NULL),(NULL,NULL,3210,348,1300,'【下一章】大使桥...',NULL,NULL),(NULL,NULL,2310,349,3300,'【下一章】前往罗斯家',NULL,NULL),(NULL,NULL,3305,350,1400,'【下一章】追捕异常者',NULL,NULL),(NULL,NULL,3306,351,1400,'【下一章】追捕异常者',NULL,NULL),(NULL,NULL,1410,352,2400,'【下一章】觉醒时刻',NULL,NULL),(NULL,NULL,2410,353,1500,'【下一章】拜访创始人',NULL,NULL),(NULL,NULL,1510,354,2500,'【下一章】自由示威',NULL,NULL),(NULL,NULL,2510,355,1600,'【下一章】接管警局',NULL,NULL),(NULL,NULL,4210,356,5000,'【下一章】灵魂之夜',NULL,NULL),(NULL,NULL,5010,357,6000,'【终章】底特律之战',NULL,NULL);
/*!40000 ALTER TABLE `story_option` ENABLE KEYS */;
UNLOCK TABLES;
/*!40103 SET TIME_ZONE=@OLD_TIME_ZONE */;

/*!40101 SET SQL_MODE=@OLD_SQL_MODE */;
/*!40014 SET FOREIGN_KEY_CHECKS=@OLD_FOREIGN_KEY_CHECKS */;
/*!40014 SET UNIQUE_CHECKS=@OLD_UNIQUE_CHECKS */;
/*!40101 SET CHARACTER_SET_CLIENT=@OLD_CHARACTER_SET_CLIENT */;
/*!40101 SET CHARACTER_SET_RESULTS=@OLD_CHARACTER_SET_RESULTS */;
/*!40101 SET COLLATION_CONNECTION=@OLD_COLLATION_CONNECTION */;
/*!40111 SET SQL_NOTES=@OLD_SQL_NOTES */;

-- Dump completed on 2026-02-01 20:43:08
